location,lat,lon
"Epic Roasthouse (399 Embarcadero) San Francisco San Francisco",37.790515,-122.389085
"Mason & California Streets (Nob Hill) San Francisco",37.791549,-122.410794
"Justin Herman Plaza San Francisco",37.77493,-122.419416
"200 block Market Street San Francisco",37.793132,-122.396561
"City Hall San Francisco",37.77493,-122.419416
"Polk & Larkin Streets San Francisco",37.777498,-122.416325
"Randall Museum San Francisco",37.77493,-122.419416
"555 Market St. San Francisco",37.789999,-122.399909
"Rainforest Café (145 Jefferson Street) San Francisco",37.808071,-122.414611
"20th and Folsom Streets San Francisco",37.758911,-122.41472
"Golden Gate Park San Francisco",37.76904,-122.483519
"Embarcadero Freeway San Francisco",37.74894,-122.392848
"Fairmont Hotel (950 Mason Street, Nob Hill) San Francisco",37.792496,-122.410035
"San Francisco Chronicle (901 Mission Street at 15th Street) San Francisco",37.76668,-122.419854
"Broadway (North Beach) San Francisco",37.798439,-122.402248
"75 California Street San Francisco",37.793549,-122.397332
"Grace Cathedral Episcopal Church (1100 California Street) San Francisco",37.791835,-122.413343
"Hills Brothers Plaza (Embarcadero at Harrison Street) San Francisco",37.772843,-122.409708
"San Francisco International Airport San Francisco",37.621313,-122.378955
"City Hall San Francisco",37.77493,-122.419416
"Port of San Francisco  San Francisco",37.796837,-122.395077
"Lefty O' Doul Drawbridge/ 3rd Street Bridge (3rd Street, China Basin) San Francisco",37.779367,-122.393413
"Golden Gate Bridge San Francisco",37.819048,-122.478393
"20th St and Church (3885 20th St) San Francisco",37.757942,-122.427564
"Embarcadero Freeway San Francisco",37.74894,-122.392848
"Potrero Hill San Francisco",37.760493,-122.400869
"City Hall San Francisco",37.77493,-122.419416
"Chinatown San Francisco",37.794138,-122.407791
"Burger Island (901 3rd Street, China Basin) San Francisco",37.777359,-122.390851
"Van Ness Avenue San Francisco",37.791305,-122.422612
"Taylor and Jefferson Streets (Fisherman's Wharf) San Francisco",37.808221,-122.415808
"Broderick from Fulton to McAlister San Francisco",37.77493,-122.419416
"Crissy Field San Francisco",37.803907,-122.464062
"Powell from Bush and Sutter San Francisco",37.77493,-122.419416
"Pier 50- end of the pier San Francisco",37.805443,-122.401136
"California @ Montgomery San Francisco",37.792865,-122.40279
"Montgomery/Green San Francisco",37.800247,-122.459034
"Driving various SF Streets San Francisco",37.77493,-122.419416
"Plate Shots SF streets various San Francisco",37.77493,-122.419416
"Coit Tower San Francisco",37.802395,-122.405822
"Filbert St. from Jones to Mason San Francisco",37.77493,-122.419416
"Leavenworth from Filbert & Francisco St San Francisco",37.77493,-122.419416
"Chestnut St. from Larkin to Columbus San Francisco",37.77493,-122.419416
"Francisco St from Larkin to Polk San Francisco",37.77493,-122.419416
"Broadway from Mason to Taylor San Francisco",37.77493,-122.419416
"Taylor St. from Broadway to Filbert San Francisco",37.801967,-122.404661
"Cliff House (1090 Point Lobos Avenue) San Francisco",37.778567,-122.513965
"San Francisco Bay San Francisco",37.80396,-122.426785
"California between Kearney and Davis San Francisco",37.77493,-122.419416
"Fairmont Hotel (950 Mason Street, Nob Hill) San Francisco",37.792496,-122.410035
"Curran Theater (445 Geary Street) San Francisco",37.786828,-122.410628
"St. Francis Episcopal Church (399 San Fernando Way) San Francisco",37.730554,-122.469666
"Romolo Place @ Fresno St. San Francisco",37.798601,-122.406397
"Palace of Fine Arts San Francisco",37.801478,-122.448175
"John Shelley Drive John McLaren Park San Francisco",37.719309,-122.419374
"Treasure Island San Francisco",37.823552,-122.370648
"The San Francisco School (300 Gavin St.) San Francisco",37.77493,-122.419416
"33 Spruce St San Francisco",37.790322,-122.454369
"Coi Restaurant (373 Broadway) San Francisco",37.798065,-122.403427
"Foreign Cinema (2534 Mission) San Francisco",37.77493,-122.419416
"Bernal Heights Park San Francisco",37.742923,-122.413391
"Jackson St. at Spruce San Francisco",37.789986,-122.454135
"679 Madrid St San Francisco",37.718722,-122.434653
"Roxie Theater (3117 16th St.) San Francisco",37.76471,-122.422408
"Variety Preview Room (582 Market St.) San Francisco",37.789464,-122.401621
"Laguna Honda Hospital; 375 Laguna Honda Blvd. San Francisco",37.747291,-122.459248
"3232 Jackson Ave. San Francisco",37.790931,-122.448797
"20th St and Illinois/Faxon St. and Kenwood/Glenbrook at Mt. Springs San Francisco",37.77493,-122.419416
"Mel's Drive-In (Corner of Van Ness & Mission Street, Mission District) San Francisco",37.75913,-122.419126
"3355 Geary Blvd. San Francisco",37.781131,-122.454899
"San Francisco",37.77493,-122.419416
"San Francisco",37.77493,-122.419416
"Conzelman Rd at McCollough Rd and down Conzelman Rd. San Francisco",37.77493,-122.419416
"Lombard at Hyde San Francisco",37.802005,-122.419635
"601 Buena Vista Ave West at Java St. San Francisco",37.766954,-122.443968
"420 Jones St. at Ellis St. San Francisco",37.785123,-122.412663
"Broadway between Powell and Davis San Francisco",37.77493,-122.419416
"Columbus between Bay and Washington San Francisco",37.77493,-122.419416
"Pine between Kearney and Davis San Francisco",37.77493,-122.419416
"Market between Stuart and Van Ness San Francisco",37.77493,-122.419416
"Grant between Bush and Broadway San Francisco",37.795939,-122.42189
"Intersection of Broadway at Kearney San Francisco",37.79802,-122.405523
"Intersection of California at Polk San Francisco",37.79059,-122.420699
"Treasure Island, Building #1, Ave of the Palms San Francisco",37.817278,-122.370936
"Ocean Beach San Francisco",,
"Hyde Street Cable Car San Francisco",37.77493,-122.419416
"San Francisco",37.77493,-122.419416
"San Francisco",37.77493,-122.419416
"Yerba Buena Center for the Arts San Francisco",37.77493,-122.419416
"Transbay Terminal (Mission Street at 1st Street) San Francisco",37.788121,-122.395496
"Tosca Café (242 Columbus Avenue) San Francisco",37.797627,-122.405874
"Steinhart Aquarium (California Academy of Sciences, Golden Gate Park) San Francisco",37.76904,-122.483519
"Raw Hide II (280 Seventh Street) San Francisco",37.776817,-122.408527
"Pier 7 (The Embarcadero) San Francisco",37.79939,-122.395596
"Kearney Street (Telegraph Hill) San Francisco",37.801698,-122.406215
"Hall of Justice (850 Bryant Street) San Francisco",37.77539,-122.404191
"2930 Vallejo Street San Francisco",37.794164,-122.445704
"Chinatown San Francisco",37.794138,-122.407791
"Gibb Street (Chinatown) San Francisco",37.796052,-122.404282
"1158-70 Montgomery Street San Francisco",37.799987,-122.403972
"2104 Broadway San Francisco",37.794668,-122.432047
"San Francisco",37.77493,-122.419416
"1155 Filbert Street at Hyde San Francisco",37.799916,-122.41837
"Washington Square Park (Filbert, between Stockton and Powell) San Francisco",37.77493,-122.419416
"5546 Geary Ave San Francisco",37.780604,-122.479205
"Vaillancourt Fountain (Justin Herman Plaza) San Francisco",37.77493,-122.419416
"Montgomery & Market Streets San Francisco",37.78882,-122.401997
"City Hall San Francisco",37.77493,-122.419416
"San Francisco",37.77493,-122.419416
"City Hall San Francisco",37.77493,-122.419416
"Golden Gate Bridge San Francisco",37.819048,-122.478393
"Treasure Island San Francisco",37.823552,-122.370648
"Postcard Row, Alamo Square, Hayes Valley San Francisco",37.775907,-122.424525
"Grace Cathedral Episcopal Church (1100 California Street) San Francisco",37.791835,-122.413343
"Nobles Alley San Francisco",37.801016,-122.407152
"Caffe Trieste San Francisco",37.77493,-122.419416
"Palace of Fine Arts San Francisco",37.801478,-122.448175
"1101 Filbert St.  San Francisco",37.800204,-122.417831
"Saints Peter & Paul Church San Francisco",37.77493,-122.419416
"Green St. & Grant Ave. San Francisco",37.799712,-122.407416
"Filbert St. & Leavenworth San Francisco",37.800349,-122.417634
"Pine St. & Grant San Francisco",37.791506,-122.405762
"Way Faire Inn on Leidesdorff San Francisco",37.77493,-122.419416
"Harry's Bar on Fillmore San Francisco",37.780766,-122.429313
"Tosca Café (242 Columbus Avenue, North Beach) San Francisco",37.797627,-122.405874
"San Francisco",37.77493,-122.419416
"Alcatraz Island San Francisco",37.826978,-122.422955
"Pier 43 1/2 San Francisco",,
"Jones & Pacific San Francisco",37.79589,-122.41503
"Pacific & Divisadero San Francisco",37.792519,-122.44136
"Lombard & Hyde San Francisco",37.802005,-122.419635
"2898 Broadway San Francisco",37.793335,-122.44471
"Motel Capri San Francisco",37.77493,-122.419416
"Marina Green San Francisco",37.806624,-122.439114
"Ocean Beach at Lincoln San Francisco",37.77493,-122.419416
"Heald College San Francisco",37.77493,-122.419416
"Marina Blvd from Laguna to Baker San Francisco",37.77493,-122.419416
"330 Santa Clara Ave. San Francisco",37.734209,-122.466499
"200 Post St.  San Francisco",37.788804,-122.405389
"2179 48th Ave San Francisco",37.745553,-122.507258
"The Ramp Restaurant San Francisco",37.77493,-122.419416
"303-305 S. Van Ness San Francisco",37.768268,-122.417637
"3563 20th St. San Francisco",37.758462,-122.420399
"Taylor & Green St. San Francisco",37.798909,-122.41394
"Grant & Washington St. San Francisco",37.795155,-122.406501
"2934 24th St. San Francisco",37.752941,-122.410703
"1138 Alabama St San Francisco",37.75367,-122.411299
"South Park San Francisco",37.78155,-122.394035
"2915 16th St. San Francisco",37.765017,-122.417962
"Trolley Car from Market and 11th San Francisco",37.77493,-122.419416
"Real Guitars San Francisco",37.77493,-122.419416
"Aub Zam Zam Bar San Francisco",37.77493,-122.419416
"790 Ulloa  San Francisco",37.740826,-122.464663
"SFO International Airport Terminal 3 San Francisco",37.77493,-122.419416
"2178 Palou Ave. San Francisco",37.740629,-122.401523
"1122 Folsom Street San Francisco",37.776401,-122.408711
"St. Peter & Paul's Church (666 Filbert Street, Washington Square) San Francisco",37.800918,-122.410111
"Golden Gate Bridge San Francisco",37.819048,-122.478393
"Fisherman's Wharf San Francisco",37.808,-122.417743
"Duboce Park San Francisco",37.769561,-122.43249
"Ferry Building San Francisco",37.795547,-122.393418
"Coit Tower San Francisco",37.802395,-122.405822
"City Hall San Francisco",37.77493,-122.419416
"Lombard Street San Francisco",37.800956,-122.42702
"Chinatown San Francisco",37.794138,-122.407791
"Aquatic Park (Jefferson Street) San Francisco",37.684298,-122.397967
"Alcatraz Island San Francisco",37.826978,-122.422955
"628 Cole Street San Francisco",37.769226,-122.450433
"Ina Coolbrith Park (1700 Taylor Street) San Francisco",37.798263,-122.413452
"0-100 block Halleck Street San Francisco",37.803486,-122.454314
"Bayshore Blvd near Cesar Chavez (Bayview) San Francisco",37.74989,-122.393393
"Taylor & Vallejo Streets (Russian Hill) San Francisco",37.797976,-122.413745
"SF General Hospital Center (1001 Potrero Avenue, Potrero Hill) San Francisco",37.755805,-122.404443
"McLaren Park (Visitacion  Valley) San Francisco",37.719309,-122.419374
"Mark Hopkins Hotel (999 California Street) San Francisco",37.791476,-122.410217
"Marina Green (Marina District) San Francisco",37.806624,-122.439114
"Mansell & University Streets (Visitacion  Valley) San Francisco",37.71908,-122.411004
"Larkin & Francisco Streets (Russian Hill) San Francisco",37.803561,-122.421806
"Larkin & Chestnut Streets (Russian Hill) San Francisco",37.802738,-122.421441
"Kennedy Hotel (226 Embarcadero at Howard Street) San Francisco",37.781503,-122.404966
"John Muir Drive (Lake Merced) San Francisco",37.77493,-122.419416
"Intersection of York & Peralta (Bernal Heights) San Francisco",37.747484,-122.406881
"Filbert & Taylor Streets (Russian Hill) San Francisco",37.80076,-122.414327
"812 22nd St. and Tennessee San Francisco",37.757889,-122.389276
"Enrico's Café (504 Broadway) San Francisco",37.798165,-122.405648
"Columbus & Lombard Streets (North Beach) San Francisco",37.802755,-122.413728
"Cesar Chavez & Mission Street (Mission) San Francisco",37.748229,-122.418214
"Candlestick Park Exit, Highway 101 San Francisco",37.77493,-122.419416
"Café Cantata (2040 Union Street) San Francisco",37.797639,-122.432985
"Brocklebank Apartments (1000 Mason Street) San Francisco",37.793093,-122.410558
"Bay Bridge San Francisco",37.80396,-122.426785
"2700 Vallejo Street (Pacific Heights) San Francisco",37.794632,-122.442027
"20th & Vermont Streets (Potrero Hill) San Francisco",37.759572,-122.404026
"1153-57 Taylor Street San Francisco",37.782926,-122.410951
"California Academy of Sciences (Golden Gate Park) San Francisco",37.770743,-122.466085
"Green Valley Restaurant (510 Green Street Near Grant) San Francisco",37.77493,-122.419416
"1627 Haight Street San Francisco",37.769716,-122.44922
"1400 18th Street San Francisco",37.762706,-122.39681
"The Lexington Club (3464 19th Street at Lexington) San Francisco",38.040584,-84.503716
"Royan Hotel (405 Valencia Street, Mission District) San Francisco",37.766406,-122.421809
"Department of Public Health (101 Grove Street at Polk, Civic Center) San Francisco",37.781553,-122.415643
"101 Henry Adams Place San Francisco",37.768123,-122.403369
"3639 Taraval St San Francisco",37.741583,-122.505376
"1458 33rd Ave. San Francisco",37.759951,-122.491592
"Lyon at Chestnut St. San Francisco",37.799389,-122.44751
"1559 Underwood Avenue between Lane and Keith San Francisco",37.77493,-122.419416
"1465 Revere Avenue between Keith and Jennings San Francisco",37.77493,-122.419416
"1601 Lane St. San Francisco",37.731828,-122.389698
"420 Mason St. San Francisco",37.787566,-122.409595
"119 Utah San Francisco",37.767456,-122.406922
"100 Alemany Blvd. San Francisco",37.735719,-122.409943
"Mission Dolores Park (Mission District) via J-Church MUNI Train San Francisco",37.77493,-122.419416
"Li Po (916 Grant Avenue at Washington, Chinatown) San Francisco",37.794138,-122.407791
"Golden Dragon Restaurant (816 Washington Street at Grant) San Francisco",37.77493,-122.419416
"387 Fair Oaks at 25th Street San Francisco",37.750608,-122.423581
"Transbay Terminal (Mission Street at 1st Street) San Francisco",37.788121,-122.395496
"Fairmont Hotel (950 Mason Street, Nob Hill) San Francisco",37.792496,-122.410035
"22nd and Carolina Streets (Potrero Hill) San Francisco",37.757247,-122.400008
"San Francisco Public Library Main Branch (100 Larkin Street) San Francisco",37.779116,-122.415766
"Mission Dolores (3321 16th Street, Mission District) San Francisco",37.764386,-122.427567
"City Hall San Francisco",37.77493,-122.419416
"Bix Restaurant (56 Gold Street) San Francisco",37.79687,-122.402942
"The Castro San Francisco",37.760908,-122.435004
"San Francisco",37.77493,-122.419416
"Treasure Island San Francisco",37.823552,-122.370648
"Twin Peaks San Francisco",37.754407,-122.447684
"Sound Factory (1st and Harrison Streets) San Francisco",38.940844,-119.977485
"Java House (Pier 40, Embarcadero) San Francisco",37.781714,-122.386291
"Alta Plaza Park San Francisco",37.801529,-122.404476
"82 & 67 Rico Way (Marina District) San Francisco",37.804986,-122.439794
"24th Street between Mission Street and Potrero Avenue San Francisco",37.757782,-122.40674
"La Rondalla (Valencia and 20th Streets) San Francisco",37.756065,-122.477697
"Palace of Fine Arts San Francisco",37.801478,-122.448175
"Powell & California Streets San Francisco",37.792053,-122.409182
"Southern Pacific Memorial Hospital (1400 Fell Street) San Francisco",37.773401,-122.441868
"The Embarcadero/ Ferry Building San Francisco",37.77493,-122.419416
"Union Square San Francisco",37.787994,-122.407437
"Westin St. Francis Hotel (335 Powell Street) San Francisco",37.787828,-122.408731
"Chambord Apartments (1298 Sacramento Street at Jones) San Francisco",37.77493,-122.419416
"Mark Hopkins Intercontinental Hotel (1 Nob Hill Circle) San Francisco",37.791405,-122.410189
"Market & Steuart Streets (Financial District) San Francisco",37.794466,-122.394799
"Market Street (from 6th- 4th Streets) San Francisco",34.90125,-91.196954
"Golden Gate Bridge San Francisco",37.819048,-122.478393
"The Malloch Apartment Building (1360 Montgomery Street) San Francisco",37.801794,-122.404321
"Filbert Steps, Filbert Street San Francisco",37.802128,-122.403434
"University Club San Francisco",37.77493,-122.419416
"Filbert St. from Hyde to Leavenworth San Francisco",37.77493,-122.419416
"California St from Mason to Kearny San Francisco",37.77493,-122.419416
"City Hall San Francisco",37.77493,-122.419416
"Alioto Park San Francisco",37.758867,-122.418145
"California & Powell  San Francisco",37.792053,-122.409182
"Columbus & Pacific Ave San Francisco",37.797073,-122.405558
"San Francisco",37.77493,-122.419416
"San Francisco",37.77493,-122.419416
"San Francisco International Airport San Francisco",37.621313,-122.378955
"Li Po (916 Grant Avenue at Washington, Chinatown) San Francisco",37.794138,-122.407791
"Chinatown San Francisco",37.794138,-122.407791
"Marina Green, Marina District San Francisco",37.806624,-122.439114
"Washington Square, North Beach San Francisco",37.800918,-122.410111
"The Embarcadero San Francisco",37.799263,-122.397673
"St. Peter & Paul's Church (666 Filbert Street, Washington Square) San Francisco",37.800918,-122.410111
"San Francisco Drydock (20th and Illinois Streets) San Francisco",37.756782,-122.387216
"Portsmouth Square (Chinatown) San Francisco",37.794805,-122.405136
"Mt. Davidson Cross, Mt. Davidson San Francisco",37.738346,-122.454775
"Mission Dolores Park (Mission District) San Francisco",37.759773,-122.427063
"Kezar Stadium, Golden Gate Park San Francisco",37.76904,-122.483519
"Holiday Inn Select Downtown Hotel (750 Kearney Street) San Francisco",37.77493,-122.419416
"Hall of Justice (850 Bryant Street) San Francisco",37.77539,-122.404191
"Forest Hill Station- MUNI San Francisco",37.77493,-122.419416
"Dante Building (1606 Stockton Street at Union) San Francisco",37.77493,-122.419416
"California Hall (625 Polk Street, Van Ness/Civic Center) San Francisco",37.781465,-122.420646
"Bank of America Building (555 California Street) San Francisco",37.793301,-122.401632
"Webster Street San Francisco",37.787703,-122.431924
"Telegraph Hill Blvd (Telegraph Hill) San Francisco",37.802786,-122.406049
"Larkin & Hyde Streets San Francisco",32.997574,-96.897056
"Gabbiano's Restaurant (Ferry Building) San Francisco",37.77493,-122.419416
"Coit Tower San Francisco",37.802395,-122.405822
"2107 Union Street San Francisco",37.797118,-122.434093
"2100 Green Street San Francisco",37.796563,-122.433937
"South Park (Between 2nd and 3rd Streets, Brannan and Bryant Streets) San Francisco",37.773419,-122.405858
"Fort Point (Presidio, Golden Gate National Recreation Area) San Francisco",37.77493,-122.419416
"San Francisco",37.77493,-122.419416
"Roaring Twenties Nightclub (555 Broadway at Columbus) San Francisco",39.961176,-82.998794
"West Chrissy Field (Presidio, Golden Gate National Recreation Area) San Francisco",37.77493,-122.419416
"Sacramento St., Between Pierce & Broderick Streets  San Francisco",37.787865,-122.442133
"Hyde Street & Lombard Street San Francisco",37.802005,-122.419635
"Building 924, Presidio (Golden Gate National Recreation Area) San Francisco",37.801684,-122.472438
"Broadway, Between Franklin & Laguna Streets San Francisco",37.787657,-122.428551
"Baker Beach San Francisco",37.793572,-122.483638
"Elbo Room (647 Valencia Street) San Francisco",37.76251,-122.421457
"Pier 39 San Francisco",,
"Bay Bridge San Francisco",37.80396,-122.426785
"San Francisco",37.77493,-122.419416
"Palace of Fine Arts (3301 Lyon Street) San Francisco",37.802899,-122.448774
"Moose's Restaurant (1652 Stockton) San Francisco",37.77493,-122.419416
"Mario's Bohemian Cigar Store (Washington Square) San Francisco",37.800918,-122.410111
"Center for the Arts, Yerba Buena Gardens (701 Mission Street) San Francisco",37.785798,-122.402424
"Castro Theatre (429 Castro Street, The Castro) San Francisco",37.762033,-122.434759
"20th & Connecticut Streets (Potrero Hill) San Francisco",37.759975,-122.397275
"19 Green Street (North Beach) San Francisco",37.800691,-122.399599
"1138 Filbert Street San Francisco",37.800566,-122.418279
"North Beach Video (1398 Grant Avenue at Green) San Francisco",37.77493,-122.419416
"Alcatraz Island San Francisco",37.826978,-122.422955
"George Washington High School (600 32nd Avenue ) San Francisco",37.777791,-122.491762
"Wells Fargo Bank (1 California Street, Financial District) San Francisco",37.793301,-122.397046
"The Sea Captain's Chest (Fisherman's Wharf) San Francisco",37.808,-122.417743
"Sheraton Palace Hotel (2 Montgomery Street, Financial District) San Francisco",37.789126,-122.401932
"Candlestick Park San Francisco",37.713882,-122.387661
"2632 Larkin Street at Lombard San Francisco",41.88003,-88.007843
"100 St. Germain Avenue San Francisco",37.757652,-122.450526
"1 Montgomery Street at Post San Francisco",37.789468,-122.402935
"San Francisco",37.77493,-122.419416
"Grace Cathedral Episcopal Church (1100 California Street) San Francisco",37.791835,-122.413343
"Fairmont Hotel (950 Mason Street, Nob Hill) San Francisco",37.792496,-122.410035
"2230 Sacramento Street San Francisco",37.790532,-122.430606
"Nob Hill San Francisco",37.793014,-122.416113
"San Francisco",37.77493,-122.419416
"Postcard Row (Alamo Square, Hayes Valley) San Francisco",37.775907,-122.424525
"San Francisco",37.77493,-122.419416
"400 Montgomery Street San Francisco",37.793141,-122.402585
"Folsom Street & Embarcadero San Francisco",37.790751,-122.390145
"Varennes Alley between Filbert and Union San Francisco",37.77493,-122.419416
"St. Peter & Paul's Church (666 Filbert Street, Washington Square) San Francisco",37.800918,-122.410111
"San Francisco General Hospital Medical Center (1001 Potrero Avenue, Potrero Hill) San Francisco",37.755805,-122.404443
"Kohl Building (400 Montgomery Street) San Francisco",37.793141,-122.402585
"Bank of America Building (555 California Street) San Francisco",37.793301,-122.401632
"90 Gold Street San Francisco",37.79679,-122.403381
"5th and Beale Streets San Francisco",37.788706,-122.39277
"Westin St. Francis Hotel (335 Powell Street, Union Square) San Francisco",37.787828,-122.408731
"Fort Mason (Golden Gate National Recreation Area) San Francisco",37.805484,-122.42838
"Public Health Service Hospital (Presidio, Golden Gate National Recreation Area) San Francisco",37.77493,-122.419416
"Presidio, Golden Gate National Recreation Area San Francisco",37.801684,-122.472438
"City Hall San Francisco",37.77493,-122.419416
"Bix Restaurant (56 Gold Street) San Francisco",37.79687,-122.402942
"Golden Gate Bridge San Francisco",37.819048,-122.478393
"Chinatown San Francisco",37.794138,-122.407791
"Treasure Island San Francisco",37.823552,-122.370648
"Palace of Fine Arts (3301 Lyon Street) San Francisco",37.802899,-122.448774
"The Walden House, Buena Vista Park San Francisco",37.77493,-122.419416
"Café Trieste (609 Vallejo) San Francisco",37.77493,-122.419416
"War Memorial Opera House (401 Van Ness Avenue) San Francisco",37.77859,-122.420917
"Sutter & Buchannan Streets San Francisco",37.786514,-122.42999
"Sutter & Baker Streets San Francisco",37.784831,-122.443208
"Sokoji-Soto Zen Buddhist Temple (1691 Laguna Street) San Francisco",37.78651,-122.428586
"Sacramento & Hyde Streets (Nob Hill) San Francisco",37.791938,-122.417608
"Postcard Row (Alamo Square, Hayes Valley) San Francisco",37.775907,-122.424525
"Potrero Hill Bathhouse & Feed Co. (199 Mississippi Street) San Francisco",37.764121,-122.394525
"Octavia & Hayes Streets (Hayes Valley) San Francisco",37.776714,-122.424397
"Montgomery & Pine Streets (Financial District) San Francisco",37.791911,-122.402597
"Laguna & Sacramento Streets (Pacific Heights) San Francisco",37.790472,-122.429121
"Hayes Valley Care (601 Laguna Street, Hayes Valley) San Francisco",37.776886,-122.426689
"Golden Gate & Steiner Streets (Hayes Valley) San Francisco",37.779362,-122.43362
"Fort Point, Presidio San Francisco",37.810593,-122.477109
"Flood Building (870 Market Street) San Francisco",37.785354,-122.407475
"Fiesta Laundromat (898 S. Van Ness Ave., Mission) San Francisco",37.751239,-122.418371
"City Hall San Francisco",37.77493,-122.419416
"California & Larkin Streets (Nob Hill) San Francisco",37.790797,-122.419063
"Asian Art Museum (200 Larkin Street, Civic Center) San Francisco",37.780256,-122.416052
"Andrew S. Hallidie Plaza (Market & Powell Streets) San Francisco",37.796504,-122.410093
"430 Vallejo Street (Telegraph Hill) San Francisco",37.79928,-122.404632
"24th and Castro Streets (Noe Valley) San Francisco",37.751308,-122.434109
"Alco Plaza San Francisco",37.79566,-122.399207
"Twin Peaks San Francisco",37.754407,-122.447684
"TransAmerica Pyramid (600 Montgomery Street) San Francisco",37.795162,-122.402728
"Stockton Tunnel (Stockton Street at Sutter Street) San Francisco",37.787356,-122.423427
"Steinhart Aquarium (California Academy of Sciences, Golden Gate Park) San Francisco",37.76904,-122.483519
"Potrero Hill San Francisco",37.760493,-122.400869
"Nob Hill San Francisco",37.793014,-122.416113
"Hyatt Regency Hotel (5 Embarcadero Center) San Francisco",37.794307,-122.39574
"Folsom Street (SOMA) San Francisco",37.780284,-122.403416
"Fairmont Hotel (950 Mason Street, Nob Hill) San Francisco",37.792496,-122.410035
"Embarcadero Freeway San Francisco",37.74894,-122.392848
"Candlestick Park (602 Jamestown Ave.) San Francisco",37.713548,-122.3857
"Broadway and Columbus Avenue (North Beach) San Francisco",37.797875,-122.406716
"The Barbary Coast San Francisco",37.784196,-122.40811
"755 Vallejo Street San Francisco",37.798456,-122.409789
"The Tamalpais Building (1201 Greenwich Street at Hyde) San Francisco",37.77493,-122.419416
"Neiman Marcus (150 Stockton Street, Union Square) San Francisco",37.787313,-122.406975
"First Bank (550 Montgomery Street at Commercial) San Francisco",37.77493,-122.419416
"Bay Bridge San Francisco",37.80396,-122.426785
"California & Grant Streets San Francisco",37.792464,-122.405954
"War Memorial Building (401 Van Ness Avenue) San Francisco",37.77859,-122.420917
"Transbay Terminal (Mission Street at 1st Street) San Francisco",37.788121,-122.395496
"140 Maiden Lane San Francisco",37.788266,-122.405891
"St. Peter & Paul's Church (666 Filbert Street, Washington Square) San Francisco",37.800918,-122.410111
"Neiman Marcus (150 Stockton Street, Union Square) San Francisco",37.787313,-122.406975
"Mason Street at Jackson San Francisco",37.795421,-122.411561
"M.H. de Young Memorial Museum (Golden Gate Park) San Francisco",37.76904,-122.483519
"Embarcadero Street Station- BART  San Francisco",37.792905,-122.397059
"Candlestick Park (602 Jamestown Ave.) San Francisco",37.713548,-122.3857
"Sacramento & Washington Streets San Francisco",27.508747,-99.500755
"Kearney & Pine St. San Francisco",37.791693,-122.404258
"California & Davis St San Francisco",37.793523,-122.397627
"Pine St. & Davis St San Francisco",37.792584,-122.397439
"Sacramento & Front St. San Francisco",37.794297,-122.398988
"Broadway & Sansome San Francisco",37.798439,-122.402248
"Broadway & Columbus San Francisco",37.797875,-122.406716
"Post & Jones St. San Francisco",37.787682,-122.413375
"Stockton & Clay St San Francisco",37.794064,-122.407921
"Bush & Kearny San Francisco",37.790763,-122.404073
"Mission & Fremont St San Francisco",37.790455,-122.396726
"Eddy & Taylor St. San Francisco",37.784153,-122.410977
"Pier 7 (The Embarcadero) San Francisco",37.79939,-122.395596
"Pier 1 San Francisco",,
"Embarcadero & Washington San Francisco",37.79669,-122.395609
"Mission & Beal San Francisco",37.791159,-122.395826
"Potrero &San Bruno San Francisco",37.761398,-122.405173
"Ross Alley (Chinatown) San Francisco",37.795538,-122.407378
"University of California Hastings College of the Law San Francisco",37.77493,-122.419416
"Bush Street (between Grant & Kearny Streets) San Francisco",37.797559,-122.405438
"Buena Vista Park (Haight Street at Buena Vista) San Francisco",37.770852,-122.440387
"Golden Gate Bridge San Francisco",37.819048,-122.478393
"Cliff House (1090 Point Lobos Avenue) San Francisco",37.778567,-122.513965
"Bush and Sutter Streets San Francisco",37.790172,-122.408816
"Hayes Street at Laguna San Francisco",37.77647,-122.426285
"435 23rd Street at Illinois San Francisco",37.755439,-122.38709
"435 23rd Street at Illinois San Francisco",37.755439,-122.38709
"435 23rd Street at Illinois San Francisco",37.755439,-122.38709
"Sutter Street between Powell and Mason San Francisco",37.77493,-122.419416
"San Francisco International Airport San Francisco",37.621313,-122.378955
"Mel's Drive-In (Corner South Van Ness & Mission St.) San Francisco",37.751239,-122.418371
"634 Raycliff Terrace San Francisco",37.792787,-122.442754
"San Francisco",37.77493,-122.419416
"San Francisco",37.77493,-122.419416
"Mark Hopkins Intercontinental Hotel (1 Nob Hill Circle, Nob Hill) San Francisco",37.791405,-122.410189
"Fairmont Hotel (950 Mason Street, Nob Hill) San Francisco",37.792496,-122.410035
"Conservatory of Flowers (Golden Gate Park) San Francisco",37.772608,-122.460248
"Sutro Baths (Point Lobos Avenue) San Francisco",37.780491,-122.513714
"Golden Gate Park San Francisco",37.76904,-122.483519
"Stockton Tunnel (Stockton Street at Sutter Street) San Francisco",37.787356,-122.423427
"2810 Pacific Avenue San Francisco",37.792743,-122.442084
"War Memorial Opera House (401 Van Ness Avenue) San Francisco",37.77859,-122.420917
"Conservatory of Flowers (Golden Gate Park) San Francisco",37.772608,-122.460248
"San Francisco Art Institute (800 Chestnut Street) San Francisco",37.77493,-122.419416
"Washington Square Bar & Grill (1707 Powell) San Francisco",37.77493,-122.419416
"City Lights Bookstore (261 Columbus) San Francisco",37.77493,-122.419416
"San Francisco",37.77493,-122.419416
"Muni Metro East (501 Cesar Chavez) San Francisco",37.750034,-122.382759
"Castagnola's Restaurant (Fisherman's Wharf) San Francisco",37.808,-122.417743
"Sheraton Palace Hotel (639 Market Street) San Francisco",37.78874,-122.402078
"Golden Gate Bridge San Francisco",37.819048,-122.478393
"Hobart Building (582 Market Street) San Francisco",37.789464,-122.401621
"The Final Final (2990 Baker Street) San Francisco",37.798536,-122.445718
"1160 Taylor Street San Francisco",37.793301,-122.412636
"Hyatt Regency Hotel (5 Embarcadero Center) San Francisco",37.794307,-122.39574
"Fort Point (Presidio, Golden Gate National Recreation Area) San Francisco",37.77493,-122.419416
"Conservatory of Flowers, Golden Gate Park San Francisco",37.772608,-122.460248
"Telegraph Hill San Francisco",37.801341,-122.405667
"Bank of America Building (555 California Street) San Francisco",37.793301,-122.401632
"391 Pennsylvania Avenue at 19th Street San Francisco",37.761621,-122.393173
"Vesuvio Café (255 Columbus Avenue) San Francisco",37.797484,-122.406508
"Union Square San Francisco",37.787994,-122.407437
"Maiden Lane San Francisco",37.788238,-122.405156
"Condor Club (Columbus and Broadway) San Francisco",37.795939,-122.42189
"Chase H & Q  (1 Bush Street at Sansome) San Francisco",37.77493,-122.419416
"Pier 39 (Fisherman's Wharf) San Francisco",,
"San Francisco",37.77493,-122.419416
"Marriot Hotel (55 4th Street at Market) San Francisco",37.77493,-122.419416
"Telegraph Hill San Francisco",37.801341,-122.405667
"Vallejo Street at Sansome San Francisco",37.799392,-122.402439
"Golden Gate Bridge San Francisco",37.819048,-122.478393
"Treasure Island San Francisco",37.823552,-122.370648
"Flint & 16th (Castro) San Francisco",37.763995,-122.436555
"Grove & Polk, thru Fulton & 6th, Masonic, 28th & 47th San Francisco",37.77493,-122.419416
"Ocean Beach @ Balboa San Francisco",37.726788,-122.466076
"4100 20th St San Francisco",37.758031,-122.43269
"Harvey Milk Plaza San Francisco",37.77493,-122.419416
"F Train San Francisco",37.776687,-122.394857
"Sanchez/Cumberland steps and sidewalks San Francisco",37.77493,-122.419416
"Fairmont Hotel (950 Mason Street, Nob Hill) San Francisco",37.792496,-122.410035
"The Ferry Building San Francisco",37.795547,-122.393418
"Grant Avenue (North Beach) San Francisco",37.803089,-122.408104
"Administration Building (Treasure Island) San Francisco",37.823552,-122.370648
"Golden Gate Bridge San Francisco",37.819048,-122.478393
"Ferry Building San Francisco",37.795547,-122.393418
"Golden Gate Bridge San Francisco",37.819048,-122.478393
"100 Market Street at 6th Street San Francisco",37.794264,-122.395586
"6th Street On-ramp to Highway 280 San Francisco",37.77493,-122.419416
"Pier 33 (Embarcadero) San Francisco",,
"Department of Public Health (101 Grove Street at Polk, Civic Center) San Francisco",37.781553,-122.415643
"United Nations Plaza (Civic Center) San Francisco",37.779992,-122.413728
"Transamerica Building (600 Montgomery Street at Clay) San Francisco",37.77493,-122.419416
"San Francisco Drydock (20th and Illinois Streets) San Francisco",37.756782,-122.387216
"Ramada Plaza Hotel Downtown (1231 Market Street, Civic Center) San Francisco",37.778306,-122.415281
"Postcard Row (Alamo Square, Hayes Valley) San Francisco",37.775907,-122.424525
"Lafayette Park (Pacific Heights) San Francisco",37.791615,-122.427613
"Hamlin Hotel (385 Eddy Street) San Francisco",37.78358,-122.413871
"City Hall San Francisco",37.77493,-122.419416
"Chinatown San Francisco",37.794138,-122.407791
"Broadway Tunnel (Russian Hill) San Francisco",37.796433,-122.417393
"Bimbo's 365 Club (1025 Columbus Avenue, North Beach) San Francisco",37.803722,-122.415576
"720 Steiner Street (Hayes Valley) San Francisco",37.776381,-122.432742
"32 Napier Lane San Francisco",37.802602,-122.403852
"1227 Montgomery Street (Telegraph Hill) San Francisco",37.800471,-122.40453
"1 Post Street San Francisco",37.788775,-122.402666
"Hunters Point San Francisco",37.72761,-122.370261
"Chrissy Field San Francisco",37.803701,-122.468521
"Mission St and 5th St San Francisco",37.782732,-122.406493
"Golden Gate Bridge San Francisco",37.819048,-122.478393
"San Francisco",37.77493,-122.419416
"Japanese Tea Garden (Hagiwara Tea Garden Drive, Golden Gate Park) San Francisco",37.770862,-122.46836
"Fior d' Italia (601 Union Street at Stockton) San Francisco",37.957702,-121.29078
"Fairmont Hotel (950 Mason Street, Nob Hill) San Francisco",37.792496,-122.410035
"Lombard & Hyde Streets San Francisco",37.802005,-122.419635
"Hall of Justice (850 Bryant Street) San Francisco",37.77539,-122.404191
"Washington Square (North Beach) San Francisco",37.800918,-122.410111
"War Memorial Opera House (401 Van Ness Avenue) San Francisco",37.77859,-122.420917
"Sheraton Palace Hotel (639 Market Street) San Francisco",37.78874,-122.402078
"Palace of Fine Arts San Francisco",37.801478,-122.448175
"Golden Gate Bridge San Francisco",37.819048,-122.478393
"City Hall San Francisco",37.77493,-122.419416
"San Francisco",37.77493,-122.419416
"Hang Ah Alley (Chinatown) San Francisco",37.793924,-122.407501
"Horace Mann School (3351 23rd Street) San Francisco",37.753533,-122.419999
"901 Union Street San Francisco",37.799619,-122.41434
"610 Rhode Island Street (Potrero Hill) San Francisco",37.761971,-122.402565
"375 Laguna Honda Blvd. San Francisco",37.747291,-122.459248
"180 Manchester Street San Francisco",37.744204,-122.414328
"San Francisco",37.77493,-122.419416
"2552 Hyde Street San Francisco",37.804561,-122.419872
"United Nations Plaza (Civic Center) San Francisco",37.779992,-122.413728
"Postcard Row (Alamo Square, Hayes Valley) San Francisco",37.775907,-122.424525
"Hyatt Fisherman's Wharf (555 Northpoint Street) San Francisco",37.806241,-122.416338
"Fairmont Hotel (950 Mason Street, Nob Hill) San Francisco",37.792496,-122.410035
"Chinatown Gate San Francisco",37.795159,-122.40778
"722 Steiner Street San Francisco",37.776469,-122.432795
"San Francisco",37.77493,-122.419416
"Ferry Building San Francisco",37.795547,-122.393418
"Market Street Between Noe and Sanchez San Francisco",37.77493,-122.419416
"Green & Laguna Streets San Francisco",37.796793,-122.430393
"California & Hyde Streets San Francisco",37.79101,-122.417421
"City Hall San Francisco",37.77493,-122.419416
"Lusty Lady Bar (North Beach) San Francisco",37.806053,-122.410331
"222 Mason St.  San Francisco",37.785793,-122.409258
"Golden Gate Bridge San Francisco",37.819048,-122.478393
"Presidio Church at 130 Fisher Loop San Francisco",37.799301,-122.461871
"Tiburon Hiking Trail, Tiburon, CA San Francisco",37.77493,-122.419416
"Fort Funston San Francisco",37.716301,-122.502535
"Folsom Street Fair on Folsom St. San Francisco",37.761877,-122.414999
"Orphan Andy's San Francisco",37.77493,-122.419416
"The Stud San Francisco",37.77493,-122.419416
"Mr. S Leather San Francisco",37.77493,-122.419416
"2866 24th St. San Francisco",37.752968,-122.409721
"24th and Church St.  San Francisco",37.751708,-122.427382
"Church and Duboce Muni Station San Francisco",37.77493,-122.419416
"St. Francis Fountain San Francisco",37.749242,-122.441556
"Muni line N- Judah San Francisco",37.77493,-122.419416
"Sutro Baths   San Francisco",37.780491,-122.513714
"Golden Gate Park San Francisco",37.76904,-122.483519
"Market & Church St. San Francisco",37.955964,-122.343029
"Willy's Barber Shop San Francisco",37.77493,-122.419416
"Jawbone at 99 Rhode Island St.  San Francisco",37.768913,-122.402482
"Urban Flowers San Francisco",37.77493,-122.419416
"770 Haight St San Francisco",37.771831,-122.43489
"Eros San Francisco",25.460811,-101.013807
"Doc's Clock San Francisco",37.77493,-122.419416
"Starbucks at 333 O'Farrell St. San Francisco",37.785685,-122.410433
"Union Square San Francisco",37.787994,-122.407437
"The Café at 2369 Market St. San Francisco",37.762989,-122.434313
"Castro St. from Market to 18th St. San Francisco",37.76204,-122.41611
"Bay Bridge San Francisco",37.80396,-122.426785
"Treasure Island San Francisco",37.823552,-122.370648
"The Fairmont San Francisco",37.39849,-97.218747
"1890 Clay St. San Francisco",37.792195,-122.424026
"2000 Folsom San Francisco",37.765015,-122.415715
"Mission Arts Center San Francisco",37.77859,-122.420917
"2413 Harrison St. San Francisco",37.758581,-122.412179
"Muddy Waters Coffee House San Francisco",37.77493,-122.419416
"Valencia St. from 16th to 17th San Francisco",37.77493,-122.419416
"601 Buena Vista West San Francisco",37.766954,-122.443968
"Dolores Park San Francisco",37.759698,-122.428144
"Casa Lucas Market at 2934 24th St San Francisco",37.752941,-122.410703
"Punjab San Francisco",,
"BART from Civic Center to 24th St. San Francisco",37.752542,-122.413542
"The Marsh Theatre (1062 Valencia Street) San Francisco",37.755853,-122.421232
"20 Hill Street San Francisco",37.756288,-122.422018
"198 Gough Street San Francisco",37.774876,-122.422378
"Cost Plus World Market (2552 Taylor Street) San Francisco",37.805808,-122.414384
"Vermont Street between 20th and 22nd Streets San Francisco",37.755846,-122.412226
"San Francisco International Airport San Francisco",37.621313,-122.378955
"San Francisco Drydock (20th and Illinois Streets) San Francisco",37.756782,-122.387216
"Pacific Heights Towers (2200 Sacramento Street, Pacific Heights) San Francisco",37.79069,-122.429495
"Lefty O' Doul Drawbridge/ 3rd Street Bridge (3rd Street, China Basin) San Francisco",37.779367,-122.393413
"Hall of Justice (850 Bryant Street) San Francisco",37.77539,-122.404191
"Golden Gate Bridge San Francisco",37.819048,-122.478393
"Fairmont Hotel (950 Mason Street, Nob Hill) San Francisco",37.792496,-122.410035
"Embarcadero Freeway San Francisco",37.74894,-122.392848
"City Hall San Francisco",37.77493,-122.419416
"Broadway Tunnel (Russian Hill) San Francisco",37.796433,-122.417393
"280 Freeway at Pennsylvania and Mariposa Streets San Francisco",37.783956,-122.492544
"2190 Washington Street (Pacific Heights) San Francisco",37.792541,-122.429151
"18th Street Overpass (Potrero Hill) San Francisco",37.762585,-122.396552
"On Board the SS President Cleveland, docked at Pier 50 San Francisco",37.773934,-122.384887
"Asian Art Museum (200 Larkin Street, Civic Center) San Francisco",37.780256,-122.416052
"Grace Cathedral Episcopal Church (1100 California Street) San Francisco",37.791835,-122.413343
"722 Steiner Street (Postcard Row, Alamo Square, Hayes Valley) San Francisco",37.775907,-122.424525
"St. Elizabeth Apartment House (901 Powell Street at Sacramento) San Francisco",38.581572,-121.4944
"Bush Street at Jones San Francisco",37.78954,-122.413751
"Fairmont Hotel (950 Mason Street, Nob Hill) San Francisco",37.792496,-122.410035
"Duboce Park San Francisco",37.769561,-122.43249
"City Hall San Francisco",37.77493,-122.419416
"Chinatown San Francisco",37.794138,-122.407791
"424 Sansome Street San Francisco",37.794325,-122.401398
"29th and Dolores Street San Francisco",37.743824,-122.424484
"El Camino Del Mar San Francisco",37.785788,-122.496237
"Treasure Island San Francisco",37.823552,-122.370648
"Market & Castro Street San Francisco",37.762738,-122.435208
"Marine Fireman's Union Headquarters San Francisco",37.77493,-122.419416
"Lower Haight Street San Francisco",37.771696,-122.433752
"Grace Cathedral Episcopal Church (1100 California Street) San Francisco",37.791835,-122.413343
"Golden Gate Bridge San Francisco",37.819048,-122.478393
"The 500 Club (500 Guerrero Street, Mission District) San Francisco",37.763032,-122.424211
"Mission Dolores Park (Mission District) San Francisco",37.759773,-122.427063
"San Francisco",37.77493,-122.419416
"Golden Gate Bridge San Francisco",37.819048,-122.478393
"Fairmont Hotel (950 Mason Street, Nob Hill) San Francisco",37.792496,-122.410035
"1200 Washington Street at Taylor Street San Francisco",37.794373,-122.413337
"Hancock School (940 Filbert Street) San Francisco",37.800717,-122.414844
"Danilo's Bakery (Green Street & Bannam Place) San Francisco",37.799678,-122.407731
"Chrissy Field San Francisco",37.803701,-122.468521
"520-522A Green Street at Grant Street San Francisco",37.799712,-122.407416
"516 Green Street San Francisco",37.799838,-122.407806
"100 Embarcadero Street San Francisco",37.79332,-122.39276
"Pier 7 San Francisco",37.798673,-122.396825
"Palace of Fine Arts San Francisco",37.801478,-122.448175
"Aquatic Park (Jefferson Street) San Francisco",37.684298,-122.397967
"Alcatraz Island San Francisco",37.826978,-122.422955
"Alamo Square San Francisco",37.776342,-122.434633
"1821 Alabama St.  San Francisco",37.744,-122.410162
"Hall of Justice (850 Bryant Street) San Francisco",37.77539,-122.404191
"Cameron House 920 Sacramento St.  San Francisco",37.79329,-122.408456
"Naked Lunch San Francisco",37.77493,-122.419416
"9 Calhoun Terrace San Francisco",37.80081,-122.40382
"Washington Square on Filbert & Stockton San Francisco",37.77493,-122.419416
"AT&T Park San Francisco",37.821357,-122.391503
"China Basin on Berry St San Francisco",37.773369,-122.396409
"Kearney St. from Broadway to Pacific San Francisco",37.77493,-122.419416
"Chouguet's (2500 Washington Street) San Francisco",37.79181,-122.434628
"3122 16th Street San Francisco",37.765028,-122.422579
"500 Club (500 Guerrero) San Francisco",19.340541,-99.115463
"O'Farrell & Jones Streets San Francisco",37.785809,-122.412995
"Triton Hotel (342 Grant Street) San Francisco",37.790336,-122.405399
"Grant Avenue & Union Street San Francisco",37.800645,-122.407614
"Embarcadero from Broadway to Folsom San Francisco",37.77493,-122.419416
"California St from Taylor to Powell San Francisco",37.77493,-122.419416
"Mason St from Pine to Sacramento San Francisco",37.77493,-122.419416
"Powell St. from Geary to Sacramento San Francisco",37.77493,-122.419416
"Postcard Row (Alamo Square, Hayes Valley) San Francisco",37.775907,-122.424525
"San Francisco",37.77493,-122.419416
"San Francisco",37.77493,-122.419416
"The Malloch Apartment Building (1360 Montgomery Street) San Francisco",37.801794,-122.404321
"Wasteland Store (1600 Haight Street) San Francisco",37.769961,-122.448967
"Star's Café (55 Golden Gate Avenue at Van Ness) San Francisco",37.77493,-122.419416
"St. Peter & Paul's Church (666 Filbert Street, Washington Square) San Francisco",37.800918,-122.410111
"San Francisco General Hospital Medical Center (1001 Potrero Avenue, Potrero Hill) San Francisco",37.755805,-122.404443
"Pierce Street between Pacific & Green Streets San Francisco",26.220619,-98.387567
"Montgomery & Vallejo Streets San Francisco",37.799174,-122.404067
"Marathon Plaza (303 2nd Street) San Francisco",37.785233,-122.395693
"Jones Street at Bush San Francisco",37.78954,-122.413751
"Jack Kerouac Alley between Columbus & Grant Streets San Francisco",29.468559,-98.509614
"Chrissy Field San Francisco",37.803701,-122.468521
"Belli Building (722 Montgomery Street at Washington) San Francisco",38.907192,-77.036871
"Alamo Square San Francisco",37.776342,-122.434633
"60 Spear Street San Francisco",37.792575,-122.394575
"101 Henry Adams Place, 4th Floor San Francisco",37.768123,-122.403369
"Albert S. Samuels Clock (856 Market Street between Powell and Stockton) San Francisco",37.77493,-122.419416
"Belgravia Apartments (795 Sutter Street at Jones) San Francisco",51.498227,-0.153549
"San Francisco",37.77493,-122.419416
"Bay Bridge San Francisco",37.80396,-122.426785
"Sacramento & Montgomery Streets San Francisco",37.793799,-122.402979
"2017 23rd Street San Francisco",37.754504,-122.400041
"Filbert & Leavenworth Streets San Francisco",37.800349,-122.417634
"Texas & 19th Streets (Potrero Hill) San Francisco",37.761371,-122.395467
"Financial District San Francisco",37.794574,-122.399944
"Chinatown San Francisco",37.794138,-122.407791
"Spreckels Mansion (2080 Washington Street, Pacific Heights) San Francisco",37.792733,-122.427541
"Coit Tower San Francisco",37.802395,-122.405822
"Barbary Coast San Francisco",37.784196,-122.40811
"San Francisco",37.77493,-122.419416
"Filbert from Hyde to Leavenworth San Francisco",37.77493,-122.419416
"Columbus and Green San Francisco",37.799524,-122.409147
"Larkin & Fulton San Francisco",37.779592,-122.416789
"Embarcadero & Market San Francisco",37.798148,-122.284548
"Treasure Island San Francisco",37.823552,-122.370648
"Sheraton Palace Hotel (639 Market Street) San Francisco",37.78874,-122.402078
"Presidio (Golden Gate National Recreation Area) San Francisco",37.801684,-122.472438
"Bank of America (38th Street at Balboa Street) San Francisco",37.776282,-122.484988
"Postcard Row (Alamo Square, Hayes Valley) San Francisco",37.775907,-122.424525
"Japanese Tea Garden, Hagiwara Tea Garden Drive, Golden Gate Park San Francisco",37.770862,-122.46836
"Fairmont Hotel (950 Mason Street, Nob Hill) San Francisco",37.792496,-122.410035
"Pier 43 1/2 San Francisco",,
"Cala Foods (California Street and Hyde) San Francisco",37.77493,-122.419416
"307 Filbert Street San Francisco",37.801846,-122.405034
"2417 Franklin Street San Francisco",37.79669,-122.425606
"Fort Point (Presidio, Golden Gate National Recreation Area) San Francisco",37.77493,-122.419416
"Treasure Island San Francisco",37.823552,-122.370648
"Balboa at 22nd Avenue San Francisco",37.77646,-122.481263
"The Music Concourse (Martin Luther King, Jr. Drive, Golden Gate Park) San Francisco",37.819048,-122.478393
"Surf Theater (4520 Irving Street) San Francisco",37.762482,-122.506564
"Hyde Street Cable Car San Francisco",37.77493,-122.419416
"Aquatic Park (Jefferson Street) San Francisco",37.684298,-122.397967
"15-17 Fresno Street San Francisco",37.798551,-122.405926
"Conservatory of Flowers (Golden Gate Park) San Francisco",37.772608,-122.460248
"Grace Cathedral Episcopal Church (1100 California Street) San Francisco",37.791835,-122.413343
"2700 Vallejo Street (Pacific Heights) San Francisco",37.794632,-122.442027
"Fort Point (Presidio, Golden Gate National Recreation Area) San Francisco",37.77493,-122.419416
"Alcatraz Island San Francisco",37.826978,-122.422955
"San Francisco",37.77493,-122.419416
"San Francisco",37.77493,-122.419416
"Pacific Stock Exchange San Francisco",37.77493,-122.419416
"1536 Noe St. San Francisco",37.74447,-122.431527
"24 Hill St. San Francisco",37.756276,-122.422225
"21st St & Sanchez San Francisco",37.756369,-122.430127
"4015 21st St San Francisco",37.755815,-122.436162
"Tank Hill Park San Francisco",37.760098,-122.447785
"Clement St. from 6th to 7th Ave.  San Francisco",37.773463,-122.464833
"Wine Impression San Francisco",37.77493,-122.419416
"Clement St. from 5th and 7th Ave.  San Francisco",37.773463,-122.464833
"Claire Lilienthal Elementary School San Francisco",37.77493,-122.419416
"Yerba Buena Gardens San Francisco",37.785015,-122.402346
"Tonga Room San Francisco",37.77493,-122.419416
"Cal-Mart Supermarket San Francisco",37.77493,-122.419416
"McLaren Lodge San Francisco",37.77493,-122.419416
"Bechelli's Flower Market Café San Francisco",37.77493,-122.419416
"923 Vermont St. San Francisco",37.757972,-122.403544
"Geary from 22nd Ave to Arguello San Francisco",37.77493,-122.419416
"San Francisco",37.77493,-122.419416
"Magic Theater (Fort Mason, Golden Gate National Recreation Area) San Francisco",37.77493,-122.419416
"York & 24th St. San Francisco",37.752861,-122.408214
"2nd St & Howard San Francisco",37.786794,-122.398268
"Montgomery & Market Streets San Francisco",37.78882,-122.401997
"Broadway & Taylor San Francisco",37.797071,-122.413562
"Mason & Sacramento St San Francisco",37.792776,-122.411004
"Chinatown (Stockton @ Jackson & Jackson toward Grant San Francisco",37.77493,-122.419416
"Geary & 27th Ave San Francisco",37.780049,-122.486901
"Geary & 20th Ave San Francisco",37.780275,-122.479395
"Pioneer Park at Coit Tower San Francisco",37.77493,-122.419416
"Vallejo Street Garage San Francisco",37.77493,-122.419416
"California & Davis St San Francisco",37.793523,-122.397627
"Golden Gate Ave & Jones San Francisco",37.782085,-122.412243
"Treasure Island San Francisco",37.823552,-122.370648
"San Francisco",37.77493,-122.419416
"Chinatown San Francisco",37.794138,-122.407791
"Embarcadero Street San Francisco",37.798072,-122.39682
"2nd St. at Townsend St. San Francisco",37.78063,-122.390543
"Jefferson St. at Powell St. San Francisco",37.808597,-122.412536
"Grant St. at Bush St. San Francisco",37.79057,-122.405573
"Vallejo Garage Roof (Vallejo at Powell) San Francisco",37.77493,-122.419416
"Clay St. at Taylor San Francisco",37.793449,-122.412849
"Bay St. at Polk San Francisco",37.804373,-122.42348
"Intersection of Lombard and Hyde San Francisco",37.802005,-122.419635
"Mission between 3rd and 4th St. San Francisco",37.821614,-122.368379
"555 California San Francisco",37.792062,-122.403697
"Broadway and Kearney San Francisco",37.79802,-122.405523
"Grant between Bush and Market San Francisco",37.77493,-122.419416
"Coit Tower San Francisco",37.802395,-122.405822
"TransAmerica Pyramid (600 Montgomery Street) San Francisco",37.795162,-122.402728
"Washington Square San Francisco",37.800918,-122.410111
"Battery Spencer San Francisco",37.827698,-122.481783
"Pier 43 San Francisco",37.809382,-122.414465
"Vallejo St. Garage, 766 Vallejo St. San Francisco",37.798732,-122.409918
"Fort Baker San Francisco",37.836061,-122.478898
"AT&T Stadium San Francisco",37.821357,-122.391503
"AT&T Stadium San Francisco",37.821357,-122.391503
"Water work in SF Bay San Francisco",37.77493,-122.419416
"Stage Work, 47 Julian St. San Francisco",37.76754,-122.420757
"Hyde St. at Greenwich and Hyde St. at Lombard San Francisco",41.88003,-88.007843
"Asia Star Fantasy, 1126 Grant Ave. San Francisco",37.797307,-122.406789
"The Barbary Coast San Francisco",37.784196,-122.40811
"City Hall San Francisco",37.77493,-122.419416
"The Castro San Francisco",37.760908,-122.435004
"18th Street between Guerrero and Valencia Streets San Francisco",34.547059,-112.403385
"Atlas Café, 3049 20th St. San Francisco",37.758946,-122.411462
"Clarion Alley between Valencia & Mission St. San Francisco",37.751239,-122.418371
"Harrison & 20th San Francisco",37.759043,-122.412534
"Folsom San Francisco",37.761877,-122.414999
"16th St. San Francisco",37.765564,-122.41149
"S. Van Ness San Francisco",37.762161,-122.417222
"22nd St. San Francisco",37.755846,-122.412226
"Harrison San Francisco",37.772843,-122.409708
"20th San Francisco",29.468745,-98.519099
"Z Space Studios; 450 Florida St. San Francisco",37.763703,-122.411551
"375 Castro St. and 17th between Castro and Diamond St. San Francisco",37.747184,-122.435939
"Corbett St. San Francisco",37.756164,-122.443251
"Romain St. San Francisco",37.756227,-122.441043
"Market St. overpass San Francisco",37.773525,-122.421221
"Grand View Ave. San Francisco",37.75337,-122.441906
"Vallejo Street Garage; 766 Vallejo St. San Francisco",37.798732,-122.409918
"Laguna Honda Hospital; 375 Laguna Honda Blvd. San Francisco",37.747291,-122.459248
"Irving St. at 9th Ave. San Francisco",37.76405,-122.466339
"Montgomery between California and Pine San Francisco",37.77493,-122.419416
"Dolores Park, 20th St. between Church & Dolores St. San Francisco",37.754734,-122.425524
"Palace of Fine Arts: 3306 Lyon St. San Francisco",37.801598,-122.447816
"Van Ness and 12th St. San Francisco",37.772272,-122.418488
""Metzger's Apt" 151 Alice B. Toklas Pl. San Francisco",37.77493,-122.419416
"San Francisco",37.77493,-122.419416
"Ferry Building San Francisco",37.795547,-122.393418
"Golden Gate Bridge San Francisco",37.819048,-122.478393
"Bay Bridge San Francisco",37.80396,-122.426785
"San Francisco",37.77493,-122.419416
"Fairmont Hotel (950 Mason Street, Nob Hill) San Francisco",37.792496,-122.410035
"St. Paul's Church (Church Street, Noe Valley) San Francisco",37.749295,-122.427228
"St. Peter & Paul's Church (666 Filbert Street, Washington Square) San Francisco",37.800918,-122.410111
"Maritime Museum, Building 201 (Fort Mason) San Francisco",37.806393,-122.424207
"Coit Tower San Francisco",37.802395,-122.405822
"CCSF Alemany Campus  San Francisco",37.77493,-122.419416
"Carnelian Room, Bank of America Building (555 California Street, 53rd Floor) San Francisco",37.77493,-122.419416
"Manor West (750 Harrison St.) San Francisco",37.781873,-122.398785
"475 Diamond St. San Francisco",37.754817,-122.436664
"Hyatt Hotel (555 North Point St.) San Francisco",37.806022,-122.416294
"Fairmont Hotel (950 Mason Street, Nob Hill) San Francisco",37.792496,-122.410035
"411 Shrader St. San Francisco",37.770807,-122.452475
"883 42nd Ave. San Francisco",37.772081,-122.502706
"Mason & Sacramento St San Francisco",37.792776,-122.411004
"Unitarian Church (1187 Franklin St.) San Francisco",37.785024,-122.423472
"Huntington Park (California & Taylor Streets, Nob Hill) San Francisco",37.793327,-122.412829
"E Tutto Qua Restaurant (270 Columbus St.) San Francisco",37.797753,-122.4063
"1328 Portola San Francisco",37.740178,-122.464446
"Clay St. at Sansome San Francisco",37.794847,-122.401523
"Montgomery Street at Post Street San Francisco",37.789111,-122.402037
"333 Pacheco St at Lopez Ave. San Francisco",37.748097,-122.462825
"Mission Inn (5630 Mission St) San Francisco",37.711226,-122.447302
"87 Cervantes Blvd (beach) San Francisco",37.80372,-122.43898
"Gaspare's Pizza House (5546 Geary Blvd.) San Francisco",37.780604,-122.479205
"510 Noe Street & 18th St. San Francisco",37.761031,-122.432812
"Europa Café (4318 California St. and 5th Ave.) San Francisco",37.773812,-122.462713
"New Taraval Café (1054 Taraval St.) San Francisco",37.743201,-122.477724
"Kansas St at 17th St. San Francisco",37.764736,-122.403556
"City Hall  San Francisco",31.237473,-99.134574
"Ocean Beach Motel (2690 46th Ave.) San Francisco",37.736344,-122.503878
"Greenwich St at Battery St San Francisco",37.803257,-122.402009
"2100 Pacific Ave at Laguna St San Francisco",37.794199,-122.430024
"The Embarcadero San Francisco",37.799263,-122.397673
"Hills Brothers Plaza (The Embarcadero at Harrison) San Francisco",37.77493,-122.419416
"Vesuvio Café (255 Columbus Avenue) San Francisco",37.797484,-122.406508
"Swedenborgian Church (2107 Lyon Street) San Francisco",37.790356,-122.446319
"St. John's Presbyterian Church (25 Lake Street) San Francisco",37.78671,-122.459808
"San Francisco Chronicle (901 Mission Street at 15th Street) San Francisco",37.76668,-122.419854
"Rocco's Corner (Columbus Street) San Francisco",37.801125,-122.411453
"Prudente's Italian Deli (1462 Grant Ave at Union) San Francisco",37.77493,-122.419416
"Fog City Diner (1300 Battery Street) San Francisco",37.803507,-122.40184
"Edinburgh Castle (950 Geary Street) San Francisco",37.786275,-122.419002
"City Light Bookstore (261 Columbus Avenue) San Francisco",37.797636,-122.406604
"Café Picaro 3120 16th Street San Francisco",37.765078,-122.422522
"Alcatraz Island San Francisco",37.826978,-122.422955
"Aladdin Terrace (off of Taylor Street, Between Filbert and Union) San Francisco",37.77493,-122.419416
"305 Hugo Street San Francisco",37.765189,-122.461306
"1462 Grant Avenue, at Union Street San Francisco",37.800475,-122.407388
"S.S. Jeremiah O'Brien San Francisco",37.811064,-122.418144
"Golden Gate Park San Francisco",37.76904,-122.483519
"West Harbor, Marina District San Francisco",37.866418,-122.501416
"North Beach San Francisco",37.806053,-122.410331
"Marina Green, Marina District San Francisco",37.806624,-122.439114
"Kearny & Pacific Streets San Francisco",37.797098,-122.405348
"Intersection of Grant & Fresno Streets (North Beach) San Francisco",37.798506,-122.407191
"Intersection of Columbus & Mason Streets San Francisco",37.802267,-122.412962
"Intersection of Columbus & Kearney Streets San Francisco",37.796936,-122.405319
"Golden Gate Park San Francisco",37.76904,-122.483519
"Golden Gate Bridge San Francisco",37.819048,-122.478393
"Bessie Charmichael Elementary School (375 Seventh Street, SOMA) San Francisco",37.776217,-122.406509
"500 Block of Pacific Avenue (Chinatown) San Francisco",37.796815,-122.407625
"Golden Gate Bridge San Francisco",37.819048,-122.478393
"War Memorial Opera House (401 Van Ness Avenue) San Francisco",37.77859,-122.420917
"Davies Symphony Hall (201 Van Ness Ave.) San Francisco",37.777615,-122.420613
"Sutter-Stockton Garage (444  Stockton) San Francisco",37.77493,-122.419416
"California St. from Jones St. to Mason St. San Francisco",37.795857,-122.411651
"Powell St. from California St. to Sutter St. San Francisco",37.787356,-122.423427
"Jackson St. from Mason St. to Powell St. San Francisco",37.784469,-122.407986
"Intersection of Columbus and Kearny San Francisco",37.796936,-122.405319
"Intersection of Clay St. and Walter U Lum Plc San Francisco",37.794351,-122.40571
"21st and Collingswood St. San Francisco",37.756363,-122.435735
"Castro St. between 21st an Hill St San Francisco",37.755699,-122.427845
"21st and Sanchez St San Francisco",37.756369,-122.430127
"19th and Kansas St. San Francisco",37.76091,-122.403185
"San Francisco",37.77493,-122.419416
"Lombard Street San Francisco",37.800956,-122.42702
"The Tamalpais Building (1201 Greenwich Street at Hyde) San Francisco",37.77493,-122.419416
"Brocklebank Apartments (1000 Mason Street) San Francisco",37.793093,-122.410558
"2800 Scott Street San Francisco",37.795742,-122.440027
"Near Point Lobos, El Camino Del Mar  San Francisco",37.785788,-122.496237
"Mt. Davidson San Francisco",37.739132,-122.454046
"McDonald's Restaurant (701 3rd Street, SOMA) San Francisco",37.77884,-122.392424
"Mark Hopkins Intercontinental Hotel (1 Nob Hill Circle, Nob Hill) San Francisco",37.791405,-122.410189
"Hall of Justice (850 Bryant Street) San Francisco",37.77539,-122.404191
"Ferry Plaza San Francisco",37.795338,-122.392745
"Fairmont Hotel (950 Mason Street, Nob Hill) San Francisco",37.792496,-122.410035
"Civic Center Plaza San Francisco",37.779587,-122.417349
"The Embarcadero/Ferry Building San Francisco",37.77493,-122.419416
"Bowles Franklin Galleries (765 Beach Street, Fisherman's Wharf) San Francisco",37.806268,-122.421488
"Fisherman's Wharf pier near Chapel (Port Walk #19) San Francisco",37.787198,-122.38738
"Oasis Nightclub (298 11th St) San Francisco",37.7719,-122.414432
"Broadway and Taylor St Intersection San Francisco",37.797071,-122.413562
"Turk St between Lyon and Baker St San Francisco",37.787656,-122.443777
"Buena Vista East & Duboce; Buena Vista East & Haight San Francisco",37.769052,-122.438377
"Love Street Vintage (1506 Haight & adjacent Haight sidewalk_ San Francisco",37.77493,-122.419416
"Alamo Square  San Francisco",37.776342,-122.434633
"Stanyan & Belgrave San Francisco",37.759473,-122.451574
"Sansome (Washington to Bush) Pine (Davis to Kearny) Bush: Kearny to Battery San Francisco",37.77493,-122.419416
"53 Potomac St San Francisco",37.769982,-122.432787
"Pier 38-40, The Embarcadero San Francisco",37.797469,-122.394055
"Golden Gate Bridge San Francisco",37.819048,-122.478393
"On Board the SS President Cleveland, docked at Pier 50 San Francisco",37.773934,-122.384887
"Marquee Lofts (1000 Van Ness Avenue at Alice B. Toklas Place) San Francisco",37.77493,-122.419416
"Hotel Majestic (1500 Sutter Street) San Francisco",37.787251,-122.425423
"Foote, Cone & Belding (733 Front Street at Pacific) San Francisco",37.77493,-122.419416
"Farley's Café (1315 18th Street Near Missouri) San Francisco",37.964253,-91.831833
"Citicorp Center (1 Sansome Street at Sutter)  San Francisco",37.77493,-122.419416
"Christopher's Books (1400 18th Street) San Francisco",37.762706,-122.39681
"Chrissy Field San Francisco",37.803701,-122.468521
"Blooms Saloon (18th Street between Missouri and Texas Streets) San Francisco",37.758345,-122.395175
"Mission Dolores Park (Mission District) San Francisco",37.759773,-122.427063
"Broadway Studios (435 Broadway at Montgomery Street) San Francisco",37.797306,-122.4037
"Regency Building (1290 Sutter Street) San Francisco",37.787752,-122.421427
"Powell Street San Francisco",37.796504,-122.410093
"Mission Street San Francisco",37.751239,-122.418371
"Golden Gate Park San Francisco",37.76904,-122.483519
"Bank of America (1455 Stockton Street) San Francisco",37.799276,-122.409215
"16th and Utah San Francisco",37.765849,-122.406571
"Van Ness between Fell and Lombard San Francisco",37.77493,-122.419416
"California between Leavenworth and Powell San Francisco",37.77493,-122.419416
"Mission at 1st and 2nd San Francisco",37.77493,-122.419416
"Market at Mason San Francisco",37.78322,-122.409091
"California at Larkin San Francisco",37.790797,-122.419063
"California at Jones San Francisco",37.791424,-122.414131
"Pine and Leavenworth San Francisco",37.790265,-122.415583
"Howard St. from Embarcadero to 11 St. San Francisco",37.77493,-122.419416
"Construction Site in front of 260 Stockton St. at Post St. San Francisco",37.786305,-122.424172
"California St. between Drumm St. and Kearny St. San Francisco",37.797559,-122.405438
"Market St. at Embarcadero area San Francisco",37.798148,-122.284548
"Pine St. between Market and Kearny San Francisco",37.77493,-122.419416
"Front St. between Market and Clay San Francisco",37.77493,-122.419416
"Union Square San Francisco",37.787994,-122.407437
"San Francisco - Oakland Bay Bridge San Francisco",37.800907,-122.374973
"Mission St., Embarcadero, and Front between Clay and Market San Francisco",37.793469,-122.392907
"Sutter Stockton Garage San Francisco",37.77493,-122.419416
"Bush St. at Stockton St. San Francisco",37.790372,-122.407171
"Powell St at Geary St San Francisco",37.787382,-122.408241
"1 Market St. Landmark Building San Francisco",37.77493,-122.419416
"Embarcadero between Pier 2 and Harrison San Francisco",37.77493,-122.419416
"Pier 14 San Francisco",37.79358,-122.391327
"Pine St. between Market and Montgomery San Francisco",37.77493,-122.419416
"Tosca Café (242 Columbus Avenue, North Beach) San Francisco",37.797627,-122.405874
"766 Sutter Street San Francisco",37.788937,-122.413123
"Merchant Exchange (465 California Street at Leidesdorff) San Francisco",37.77493,-122.419416
"Washington Square Park (North Beach) San Francisco",37.800918,-122.410111
"Sutter-Stockton Garage (330 Sutter Street at Stockton) San Francisco",37.957702,-121.29078
"Stockton Tunnel (Stockton Street at Sutter Street) San Francisco",37.787356,-122.423427
"Steinhart Aquarium (California Academy of Sciences, Golden Gate Park) San Francisco",37.76904,-122.483519
"St. Peter & Paul's Church (666 Filbert Street, Washington Square) San Francisco",37.800918,-122.410111
"Roof of Cable Car (California at Front Street) San Francisco",37.796582,-122.399499
"Pacific Stock Exchange (301 Pine Street at Sansome) San Francisco",37.77493,-122.419416
"Nina M. Designs (52 2nd Street at Jessie) San Francisco",37.77493,-122.419416
"Moose's Restaurant (1652 Stockton) San Francisco",37.77493,-122.419416
"Mama's Restaurant (1701 Stockton) San Francisco",37.77493,-122.419416
"Danilo's Bakery (Green Street & Bannam Place) San Francisco",37.799678,-122.407731
"Columbus Avenue at Green & Stockton San Francisco",37.799464,-122.40891
"Powell and Geary Streets (Union Square) San Francisco",37.787382,-122.408241
"Golden Gate Bridge San Francisco",37.819048,-122.478393
"The Embarcadero San Francisco",37.799263,-122.397673
"Golden Gate Bridge San Francisco",37.819048,-122.478393
"San Francisco",37.77493,-122.419416
"Westin St. Francis Hotel (335 Powell Street, Union Square) San Francisco",37.787828,-122.408731
"Pier 39 San Francisco",,
"California Academy of Sciences (Golden Gate Park) San Francisco",37.770743,-122.466085
"American Roofing Co. Building (297 Kansas Street, Potrero Hill) San Francisco",37.766306,-122.403501
"Alta Plaza Park (Steiner Street) San Francisco",37.791142,-122.437624
"Alcoa Building (1 Maritime Plaza) San Francisco",37.79562,-122.399234
"Alamo Square (Hayes Valley) San Francisco",37.776369,-122.434819
"Westin St. Francis Hotel (335 Powell Street, Union Square) San Francisco",37.787828,-122.408731
"Union Square San Francisco",37.787994,-122.407437
"Saks Fifth Avenue (384 Post Street, Union Square) San Francisco",37.788901,-122.405732
"One Embarcadero Center (Financial District) San Francisco",37.794997,-122.399435
"Neiman Marcus (150 Stockton Street, Union Square) San Francisco",37.787313,-122.406975
"Financial District San Francisco",37.794574,-122.399944
"Cathedral Hill Hotel (1101 Van Ness Avenue, Civic Center) San Francisco",37.785978,-122.422312
"Golden Gate Bridge San Francisco",37.819048,-122.478393
"San Francisco Drydock (The Dogpatch) San Francisco",37.759122,-122.389538
"Washington Square Park (North Beach) San Francisco",37.800918,-122.410111
"One Thousand Powell Apartments (1000 Powell Street) San Francisco",37.794105,-122.409355
"The Cannery (281 Leavenworth Street, Fisherman's Wharf) San Francisco",37.783805,-122.414298
"Portsmouth Square (Chinatown) San Francisco",37.794805,-122.405136
"Pierce St. & Golden Gate Avenue (Hayes Valley) San Francisco",37.779155,-122.435267
"Pierce & California Streets (Pacific Heights) San Francisco",37.788498,-122.437153
"Pier 3 (The Embarcadero) San Francisco",37.798031,-122.394973
"New Asia Restaurant (772 Pacific Avenue at Grant) San Francisco",37.77493,-122.419416
"Nam Yuen Restaurant (740 Washington Street, Chinatown) San Francisco",37.795419,-122.405876
"Mirant Energy, LLC (1301 Illinois Street, The Dogpatch) San Francisco",37.759122,-122.389538
"McAllister & Scott Streets (Hayes Valley) San Francisco",37.778009,-122.436704
"KGO-TV ABC7 TV Studios (900 Front Street, Waterfront Historic District) San Francisco",37.774907,-122.419388
"Hall of Justice (850 Bryant Street) San Francisco",37.77539,-122.404191
"San Francisco National Military Cemetery (Lincoln Blvd., The Presidio, Golden Gate National Recreation Center) San Francisco",37.77493,-122.419416
"Silver Restaurant (737 Washington Street, Chinatown) San Francisco",37.795071,-122.406161
"Fremont Street Exit of Bay Bridge San Francisco",37.80396,-122.426785
"Folsom & Essex Streets San Francisco",37.786372,-122.395713
"Eber Electronics (2355 Market Street, Castro) San Francisco",37.762918,-122.434167
"Clementina & Sumner Streets San Francisco",37.775905,-122.410024
"Carl & Cole Streets (Cole Valley) San Francisco",37.765806,-122.449986
"710 Steiner Street (Hayes Valley) San Francisco",37.776068,-122.432661
"550 El Camino Del Mar (Seacliff) San Francisco",37.787534,-122.489924
"23rd & Iowa Streets (Dogpatch) San Francisco",37.75517,-122.391878
"22nd Bet. Carolina & Rhode Island Streets (Potrero Hill) San Francisco",37.758404,-122.401962
"22nd & Wisconsin Streets (Potrero Hill) San Francisco",37.757306,-122.398945
"20th & De Haro Streets (Potrero Hill) San Francisco",37.759741,-122.401121
"1954 Mason Street (North Beach) San Francisco",37.801728,-122.412702
"San Francisco General Hospital Medical Center (1001 Potrero Avenue, Potrero Hill) San Francisco",37.755805,-122.404443
"Victoria Theatre San Francisco",37.77493,-122.419416
"SPECS' Twelve Adler Museum Café San Francisco",37.77493,-122.419416
"Ocean Beach at Point Lobos San Francisco",37.77493,-122.419416
"700 Kansas St. San Francisco",37.76075,-122.403468
"Presidio Branch Library San Francisco",37.77493,-122.419416
"The Royal Oak San Francisco",37.758695,-122.13576
"Tonic San Francisco",37.77493,-122.419416
"Polk and Northpoint St. San Francisco",37.805297,-122.423676
"770 Haight St. San Francisco",37.771831,-122.43489
"Tank Hill Park San Francisco",37.760098,-122.447785
"Hamburger Haven San Francisco",37.663198,-121.851179
"Higher Grounds Coffee House San Francisco",37.77493,-122.419416
"304 Lily St. San Francisco",37.774198,-122.42612
"The Magazine at 920 Larkin San Francisco",37.77493,-122.419416
"Geary St. from Polk to Larkin San Francisco",37.77493,-122.419416
"Yerba Buena Island San Francisco",37.813882,-122.359991
"San Francisco",37.77493,-122.419416
"San Francisco",37.77493,-122.419416
"Sutter & Webster Streets San Francisco",37.786299,-122.431658
"Hall of Justice San Francisco",14.345073,121.056487
"Coit Tower San Francisco",37.802395,-122.405822
"City Hall San Francisco",37.77493,-122.419416
"Balmy Street (Mission District) San Francisco",37.75261,-122.412489
"Alcatraz Island San Francisco",37.826978,-122.422955
"24th Street Mini Park (Mission District) San Francisco",37.752865,-122.408202
"23rd & Capp Streets (Mission District) San Francisco",37.753912,-122.417529
"Lefty O' Doul Drawbridge/ 3rd Street Bridge (3rd Street, China Basin) San Francisco",37.779367,-122.393413
"Candlestick Park (602 Jamestown Ave.) San Francisco",37.713548,-122.3857
"San Francisco",37.77493,-122.419416
"Merchant Exchange Building (465 California Street) San Francisco",37.792781,-122.402175
"Washington Street & Waverly Place (Chinatown) San Francisco",37.795085,-122.407017
"Stockton Tunnel Southern Approach Overhang (Bush & Stockton Streets, Chinatown) San Francisco",37.794565,-122.40783
"Sheraton Palace Hotel (639 Market Street) San Francisco",37.78874,-122.402078
"Ritz-Carlton Hotel (600 Stockton Street) San Francisco",37.791848,-122.406843
"Presidio (Golden Gate National Recreation Area) San Francisco",37.801684,-122.472438
"Merchant Exchange Building San Francisco",37.792255,-122.402172
"Mason & California Streets (Nob Hill) San Francisco",37.791549,-122.410794
"Harrison Street (The Embarcadero) San Francisco",37.789372,-122.388741
"City Club (155 Sansome Street) San Francisco",37.791653,-122.401243
"Bay Bridge San Francisco",37.80396,-122.426785
"Bank of America Building (555 California Street) San Francisco",37.793301,-122.401632
"301 Howard Street San Francisco",37.789527,-122.394276
"1 Bush Street San Francisco",37.790962,-122.400015
"San Francisco Zoo (2701 Sloat Blvd.) San Francisco",37.735392,-122.505292
"Bay Bridge San Francisco",37.80396,-122.426785
"Telegraph Hill San Francisco",37.801341,-122.405667
"Market Street San Francisco",37.773525,-122.421221
"Coit Tower San Francisco",37.802395,-122.405822
"1227 Montgomery Street San Francisco",37.800471,-122.40453
"Grant Ave from Sacramento to Clay San Francisco",37.77493,-122.419416
"Montgomery and Union St. San Francisco",37.801039,-122.404486
"Epic Roasthouse San Francisco",37.77493,-122.419416
"Players Arcade at Pier 39 San Francisco",,
"Coffee Dan's (O'Farrell Street at Powell) San Francisco",37.77493,-122.419416
"Steinhart Aquarium (California Academy of Sciences, Golden Gate Park) San Francisco",37.76904,-122.483519
"Mandarin Theatre (1021 Grant Avenue) San Francisco",37.796333,-122.407032
"Golden Gate Park San Francisco",37.76904,-122.483519
"Former Hall of Justice (750 Kearny Street at Washington) San Francisco",38.907192,-77.036871
"San Francisco",37.77493,-122.419416
"San Francisco",37.77493,-122.419416
"War Memorial Opera House (401 Van Ness Avenue) San Francisco",37.77859,-122.420917
"The Embarcadero San Francisco",37.799263,-122.397673
"Sutro Baths (Point Lobos Avenue) San Francisco",37.780491,-122.513714
"Steinhart Aquarium (California Academy of Sciences, Golden Gate Park) San Francisco",37.76904,-122.483519
"Pier 41 San Francisco",37.809594,-122.412272
"Mark Hopkins Intercontinental Hotel (1 Nob Hill Circle, Nob Hill) San Francisco",37.791405,-122.410189
"2090 Jackson Street San Francisco",37.793415,-122.429428
"Golden Gate Bridge San Francisco",37.819048,-122.478393
"100 Block of Lombard Street San Francisco",37.804067,-122.403387
"Golden Gate Bridge San Francisco",37.819048,-122.478393
"Ferry Building San Francisco",37.795547,-122.393418
"Burritt Alley (Off Bush Street, between Powell and Stockton Streets) San Francisco",38.537181,-121.448487
"Pier 7/ Embarcadero San Francisco",37.79939,-122.395596
"skyline/ exterior scenes San Francisco",37.77493,-122.419416
"Moscone Convention Center San Francisco",37.77493,-122.419416
"Montgomery & Market Streets San Francisco",37.78882,-122.401997
"San Francisco",37.77493,-122.419416
"San Francisco",37.77493,-122.419416
"Transbay Terminal (Mission Street at 1st Street) San Francisco",37.788121,-122.395496
"St. Peter & Paul's Church (666 Filbert Street, Washington Square) San Francisco",37.800918,-122.410111
"Palace of Fine Arts (3301 Lyon Street) San Francisco",37.802899,-122.448774
"Administration Building (Treasure Island) San Francisco",37.823552,-122.370648
"Washington Street & Waverly Place (Chinatown) San Francisco",37.795085,-122.407017
"Sansome Street (The Embarcadero) San Francisco",37.805209,-122.403588
"Presidio (Golden Gate National Recreation Area) San Francisco",37.801684,-122.472438
"Montgomery & Vallejo Streets (Telegraph Hill) San Francisco",37.799174,-122.404067
"Market & 2nd Streets San Francisco",37.789249,-122.401451
"Hayes & Polk Streets (Civic Center) San Francisco",37.777514,-122.418065
"Golden Gate Bridge San Francisco",37.819048,-122.478393
"Fort Point (Presidio, Golden Gate National Recreation Area) San Francisco",37.77493,-122.419416
"Ferry Building San Francisco",37.795547,-122.393418
"Coit Tower San Francisco",37.802395,-122.405822
"Civic Center Plaza San Francisco",37.779587,-122.417349
"422 Oak Street at Laguna San Francisco",37.774738,-122.426386
"Battery Street (The Embarcadero) San Francisco",37.803623,-122.402082
"900 Block of Grant Avenue (Chinatown) San Francisco",37.795272,-122.406385
"700 Block of Jackson Street (Chinatown) San Francisco",37.79605,-122.40668
"200 Block of Sansome Street (Financial District) San Francisco",37.792263,-122.400705
"724 Brazil Avenue San Francisco",37.721611,-122.428894
"Fisherman's Wharf San Francisco",37.808,-122.417743
"Firestation #3 (Brazil Avenue and Athens Street) San Francisco",37.720095,-122.429634
"Cliff House (1090 Point Lobos Avenue) San Francisco",37.778567,-122.513965
"Broadway Tunnel (Broadway between Powell and Larkin) San Francisco",37.77493,-122.419416
"Baker Beach San Francisco",37.793572,-122.483638
"2601 Lyon Street San Francisco",37.794673,-122.446996
"Glen Park Subway Station San Francisco",37.77493,-122.419416
"Glide Memorial Church (434 Ellis St) San Francisco",37.78506,-122.413478
"Candlestick Park (602 Jamestown Ave.) San Francisco",37.713548,-122.3857
"Golden Gate Park Children's Playground  San Francisco",,
"American Can Company (Between Illinois & Kentucky, 20th and 22nd Streets) San Francisco",37.755846,-122.412226
"Cow Palace San Francisco",37.803068,-122.449633
"City Hall San Francisco",37.77493,-122.419416
"Financial District San Francisco",37.794574,-122.399944
"Palace of Fine Arts (3301 Lyon Street) San Francisco",37.802899,-122.448774
"The San Francisco Bay San Francisco",37.80396,-122.426785
"New Russian Hill Market (1198 Pacific Avenue at Jones) San Francisco",37.77493,-122.419416
"Fairmont Hotel (950 Mason Street, Nob Hill) San Francisco",37.792496,-122.410035
"Coit Tower San Francisco",37.802395,-122.405822
"3567 18th Street San Francisco",37.761604,-122.423082
"City Hall San Francisco",37.77493,-122.419416
"Alcatraz Island San Francisco",37.826978,-122.422955
"Golden Gate National Recreation Area San Francisco",37.834503,-122.504792
"St. Peter & Paul's Church (666 Filbert Street, Washington Square) San Francisco",37.800918,-122.410111
"The Castro San Francisco",37.760908,-122.435004
"Bank of America Building (555 California Street, Financial District) San Francisco",37.793301,-122.401632
"San Francisco Fire Station 38 (2150 California Street, Pacific Heights) San Francisco",37.789693,-122.429921
"Hyatt Regency Hotel (5 Embarcadero Center, Financial District) San Francisco",37.794307,-122.39574
"Grace Cathedral Episcopal Church (1100 California Street) San Francisco",37.791835,-122.413343
"Firestation #38 (California & Laguna) San Francisco",37.77493,-122.419416
"Fairmont Hotel (950 Mason Street, Nob Hill) San Francisco",37.792496,-122.410035
"2898 Vallejo Street San Francisco",37.794231,-122.444878
"Grace Cathedral Episcopal Church (1100 California Street) San Francisco",37.791835,-122.413343
"The Music Concourse (Martin Luther King, Jr. Drive, Golden Gate Park) San Francisco",37.819048,-122.478393
"Pleasant Street at Taylor San Francisco",37.793007,-122.412747
"Pier 7 (The Embarcadero) San Francisco",37.79939,-122.395596
"Montgomery Street at Union Street San Francisco",37.801039,-122.404486
"Lincoln Park San Francisco",37.782836,-122.511618
"Japanese Tea Garden (Hagiwara Tea Garden Drive, Golden Gate Park) San Francisco",37.770862,-122.46836
"City Hall San Francisco",37.77493,-122.419416
"Postcard Row (Alamo Square, Hayes Valley) San Francisco",37.775907,-122.424525
"Brocklebank Apartments (1000 Mason Street) San Francisco",37.793093,-122.410558
"Palace of Fine Arts (3301 Lyon Street) San Francisco",37.802899,-122.448774
"Montgomery Street at Union Street San Francisco",37.801039,-122.404486
"San Francisco",37.77493,-122.419416
"San Francisco",37.77493,-122.419416
"San Francisco",37.77493,-122.419416
"Lombard & Laguna Streets (Marina District) San Francisco",37.800433,-122.431128
"Lombard & Fillmore Streets (Marina District) San Francisco",37.799895,-122.436085
"Lombard & Divisadero Streets (Marina District) San Francisco",37.798956,-122.442645
"Lombard & Broderick Streets (Marina District) San Francisco",37.798857,-122.444356
"Justin Herman Plaza San Francisco",37.77493,-122.419416
"Intersection of Fulton & 6th Streets (Chinatown) San Francisco",37.782211,-122.410354
"Intersection of California & Grant Streets (Richmond District) San Francisco",37.792464,-122.405954
"Hyatt Regency Hotel (5 Embarcadero Center) San Francisco",37.794307,-122.39574
"Huntington Park (California & Taylor Streets, Nob Hill) San Francisco",37.793327,-122.412829
"Golden Gate Park San Francisco",37.76904,-122.483519
"Golden Gate Bridge San Francisco",37.819048,-122.478393
"Ghirardelli Square (900 North Point Street, Fisherman's Wharf) San Francisco",37.805576,-122.422947
"Chestnut & Divisadero Streets (Marina District) San Francisco",37.799984,-122.44287
"California Academy of Sciences (Golden Gate Park) San Francisco",37.770743,-122.466085
"Broadway at Osgood Street (North Beach) San Francisco",37.798332,-122.403095
"2340 Francisco Street San Francisco",37.801071,-122.443872
"100 Block of Union Street (Cow Hollow) San Francisco",37.797094,-122.435513
"Old St. Mary's Church (660 California Street at Grant) San Francisco",37.77493,-122.419416
"United Nations Plaza (Civic Center) San Francisco",37.779992,-122.413728
"SF General Hospital Center (1001 Potrero Avenue, Potrero Hill) San Francisco",37.755805,-122.404443
"Palace of Fine Arts (3301 Lyon Street) San Francisco",37.802899,-122.448774
"One Embarcadero Center (Financial District) San Francisco",37.794997,-122.399435
"Merchant Exchange (465 California Street at Leidesdorff) San Francisco",37.77493,-122.419416
"Marina Green (Marina District) San Francisco",37.806624,-122.439114
"San Francisco",37.77493,-122.419416
"San Francisco",37.77493,-122.419416
"San Francisco",37.77493,-122.419416
"City Hall San Francisco",37.77493,-122.419416
"San Francisco",37.77493,-122.419416
"Red's Java House (Pier 30-32, The Embarcadero) San Francisco",37.787198,-122.38738
"Piers 30-32 San Francisco",37.786955,-122.385989
"Pier 39 San Francisco",,
"Pier 24 San Francisco",37.789031,-122.387041
"Mojito (1337-1339 Grant Avenue) San Francisco",37.799297,-122.407422
"McCovey Point, China Basin Park (24 Willy Mays Plaza) San Francisco",37.778968,-122.390485
"Veterans' War Memorial Building (401 Van Ness Avenue) San Francisco",37.779573,-122.42101
"San Francisco",37.77493,-122.419416
"La Bodega (1332 Grant Avenue at Vallejo) San Francisco",38.104086,-122.256637
"Vesuvio Café (255 Columbus Avenue) San Francisco",37.797484,-122.406508
"The Saloon (1232 Grant Avenue) San Francisco",37.798587,-122.407023
"Mecca Restaurant (2029 Market Street) San Francisco",37.768354,-122.427565
"Tosca Café (242 Columbus Avenue, North Beach) San Francisco",37.797627,-122.405874
"Project Artaud (Florida Street) San Francisco",37.757554,-122.410551
"Corona Heights Park San Francisco",37.765312,-122.438585
"544 Natoma (SOMA) San Francisco",37.779535,-122.408801
"Under Highway 101 (near Potrero and Cesar Chavez Streets) San Francisco",37.748273,-122.410558
"Palace of Fine Arts (3301 Lyon Street) San Francisco",37.802899,-122.448774
"York Hotel (940 Sutter Street) San Francisco",37.788596,-122.416015
"San Francisco Drydock (20th and Illinois Streets) San Francisco",37.756782,-122.387216
"Park Hill Sanatorium (351 Buena Vista Avenue East) San Francisco",37.766883,-122.439604
"Mission San Juan Bautista (2nd & Mariposa Streets) San Francisco",37.684769,-122.399865
"Mission Dolores (3321 16th Street, Mission District) San Francisco",37.764386,-122.427567
"Gough & Eddy Streets (Western Addition) San Francisco",37.782485,-122.424125
"Fort Point (Presidio, Golden Gate National Recreation Area) San Francisco",37.77493,-122.419416
"Fairmont Hotel (950 Mason Street, Nob Hill) San Francisco",37.792496,-122.410035
"Ernie's Restaurant (847 Montgomery Street) San Francisco",37.796966,-122.403656
"Conservatory of Flowers (Golden Gate Park) San Francisco",37.772608,-122.460248
"Claude Lane at Bush Street San Francisco",37.790705,-122.404446
"California Palace of the Legion of Honor (34th Avenue & Clement, Lincoln Park) San Francisco",37.77493,-122.419416
"Brocklebank Apartments (1000 Mason Street) San Francisco",37.793093,-122.410558
"900 Lombard Street San Francisco",37.802476,-122.416633
"1007 Gough Street San Francisco",37.782545,-122.424157
"Treasure Island San Francisco",37.823552,-122.370648
"Golden Gate National Recreation Area San Francisco",37.834503,-122.504792
"St. Peter & Paul's Church (666 Filbert Street, Washington Square) San Francisco",37.800918,-122.410111
"San Francisco Hilton (333 O'Farrell Street) San Francisco",37.785685,-122.410433
"Lombard Street between Hyde and Leavenworth San Francisco",37.77493,-122.419416
"Hyde Street Pier San Francisco",37.809472,-122.421836
"Chinatown San Francisco",37.794138,-122.407791
"Alta Plaza Park (Steiner Street) San Francisco",37.791142,-122.437624
"22nd Avenue & Balboa Street (Richmond District) San Francisco",37.77646,-122.481263
"Buena Vista Café (2765 Hyde Street) San Francisco",37.806528,-122.420782
"Victor's Restaurant, The Westin St. Francis Hotel (335 Powell Street) San Francisco",37.787828,-122.408731
"Spring Valley School (1451 Jackson Street) San Francisco",37.794056,-122.418865
"International Studies Academy (993 Vermont Street, Potrero Hill) San Francisco",37.757211,-122.403167
"Grant Street at Pacific Avenue San Francisco",37.79691,-122.406858
"Cybelle's Pizza (1000 Bush Street) San Francisco",37.789682,-122.414021
"766 Vallejo Street at Stockton Street (North Beach) San Francisco",37.798732,-122.409918
"1521 Masonic Avenue at Piedmont Street San Francisco",37.765892,-122.444467
"Former Hall of Justice (750 Kearny Street at Washington) San Francisco",38.907192,-77.036871
"835-865 Market Street at 5th Street San Francisco",37.784008,-122.408092
"819 Mason Street at Pine San Francisco",37.791162,-122.41091
"772 Commercial Street at Kearney San Francisco",37.79401,-122.40587
"1801 Laguna at Bush San Francisco",37.787752,-122.428778
"Cable Car Signal Box (California Street at Powell Street) San Francisco",37.796504,-122.410093
"312 Fillmore Street San Francisco",37.772407,-122.430397
"SF Chronicle Building (901 Mission St)",37.734295,-122.425813